,,,,,,Passing,Passing,Passing,Passing,Passing,Rushing,Rushing,Rushing,Rushing,Receiving,Receiving,Receiving,Receiving,Fantasy,Fantasy,Fantasy,Fantasy,Fantasy
Rk,,Tm,Age,G,GS,Cmp,Att,Yds,TD,Int,Att,Yds,Y/A,TD,Rec,Yds,Y/R,TD,FantPos,FantPt,VBD,PosRank,OvRank
1,Chris Johnson*+,TEN,24,16,16,0,1,0,0,0,358,2006,5.60,14,50,503,10.06,2,RB,347,197,1,1
2,Adrian Peterson*+,MIN,24,16,15,0,0,0,0,0,314,1383,4.40,18,43,436,10.14,0,RB,290,140,2,2
3,Aaron Rodgers*,GNB,26,16,16,350,541,4434,30,7,58,316,5.45,5,0,0,,0,QB,405,125,1,3
4,Maurice Jones-Drew*,JAX,24,16,16,0,0,0,0,0,312,1391,4.46,15,53,374,7.06,1,RB,273,122,3,4
5,Ray Rice*,BAL,22,16,15,0,1,0,0,0,254,1339,5.27,7,78,702,9.00,1,RB,252,102,4,5
6,Andre Johnson*+,HOU,28,16,16,0,0,0,0,0,2,10,5.00,0,101,1569,15.53,9,WR,212,100,1,6
7,Drew Brees*,NOR,30,15,15,363,514,4388,34,11,22,33,1.50,2,1,-4,-4.00,0,QB,372,92,2,7
8,Randy Moss,NWE,32,16,16,0,0,0,0,0,0,0,,0,83,1264,15.23,13,WR,204,92,2,8
9,Miles Austin*,DAL,25,16,9,0,0,0,0,0,2,-2,-1.00,0,81,1320,16.30,11,WR,198,86,3,9
10,Frank Gore*,SFO,26,14,14,0,0,0,0,0,229,1120,4.89,10,52,406,7.81,3,RB,231,80,5,10
11,Thomas Jones,NYJ,31,16,16,0,0,0,0,0,331,1402,4.24,14,10,58,5.80,0,RB,230,80,6,11
12,DeSean Jackson*,PHI,23,15,15,0,0,0,0,0,11,137,12.45,1,62,1156,18.65,9,WR,190,78,4,12
13,Vernon Davis*,SFO,25,16,16,0,0,0,0,0,0,0,,0,78,965,12.37,13,TE,175,76,1,13
14,Larry Fitzgerald*,ARI,26,16,16,0,0,0,0,0,0,0,,0,97,1092,11.26,13,WR,187,75,5,14
15,Dallas Clark*+,IND,30,16,16,0,0,0,0,0,2,11,5.50,0,100,1106,11.06,10,TE,172,73,2,15
16,Brett Favre*,MIN,40,16,16,363,531,4202,33,7,9,7,0.78,0,1,-2,-2.00,0,QB,353,73,3,16
17,Reggie Wayne*,IND,31,16,16,0,1,0,0,1,0,0,,0,100,1264,12.64,10,WR,184,72,6,17
18,Roddy White*,ATL,28,16,16,0,0,0,0,0,1,2,2.00,0,85,1153,13.56,11,WR,182,69,7,18
19,Sidney Rice*,MIN,23,16,14,0,1,0,0,0,0,0,,0,83,1312,15.81,8,WR,179,67,8,19
20,Antonio Gates*,SDG,29,16,16,0,0,0,0,0,0,0,,0,79,1157,14.65,8,TE,164,65,3,20
21,Peyton Manning*+,IND,33,16,16,393,571,4500,33,16,19,-13,-0.68,0,0,0,,0,QB,345,65,4,21
22,Ricky Williams,MIA,32,16,7,0,1,0,0,1,241,1121,4.65,11,35,264,7.54,2,RB,215,64,7,22
23,Brandon Marshall*,DEN,25,15,13,0,0,0,0,0,7,39,5.57,0,101,1120,11.09,10,WR,176,64,9,23
24,Ryan Grant,GNB,27,16,16,0,0,0,0,0,282,1253,4.44,11,25,197,7.88,0,RB,211,61,8,24
25,Matt Schaub*,HOU,28,16,16,396,583,4770,29,15,48,57,1.19,0,0,0,,0,QB,341,61,5,25
26,Vincent Jackson*,SDG,26,15,15,0,0,0,0,0,3,11,3.67,0,68,1167,17.16,9,WR,172,60,10,26
27,Tony Romo*,DAL,29,16,16,347,550,4483,26,9,35,105,3.00,1,0,0,,0,QB,334,54,6,27
28,Steve Smith*,NYG,24,16,15,0,0,0,0,0,0,0,,0,107,1220,11.40,7,WR,164,52,11,28
29,Philip Rivers*,SDG,28,16,16,317,486,4254,28,9,26,50,1.92,1,0,0,,0,QB,331,51,7,29
,,,,,,Passing,Passing,Passing,Passing,Passing,Rushing,Rushing,Rushing,Rushing,Receiving,Receiving,Receiving,Receiving,Fantasy,Fantasy,Fantasy,Fantasy,Fantasy
Rk,,Tm,Age,G,GS,Cmp,Att,Yds,TD,Int,Att,Yds,Y/A,TD,Rec,Yds,Y/R,TD,FantPos,FantPt,VBD,PosRank,OvRank
30,Joseph Addai,IND,26,15,15,1,1,22,1,0,219,828,3.78,10,51,336,6.59,3,RB,201,51,9,30
31,Wes Welker*+,NWE,28,14,13,0,0,0,0,0,5,36,7.20,0,123,1348,10.96,4,WR,162,50,12,31
32,Marques Colston,NOR,26,16,14,0,0,0,0,0,1,6,6.00,0,70,1074,15.34,9,WR,162,50,13,32
33,Chad Johnson*,CIN,31,16,15,0,0,0,0,0,3,32,10.67,0,72,1047,14.54,9,WR,162,50,14,33
34,Tom Brady*,NWE,32,16,16,371,565,4398,28,13,29,44,1.52,1,0,0,,0,QB,328,48,8,34
35,Steven Jackson*,STL,26,15,15,0,0,0,0,0,324,1416,4.37,4,51,322,6.31,0,RB,198,48,10,35
36,Brent Celek,PHI,24,16,15,0,0,0,0,0,0,0,,0,76,971,12.78,8,TE,145,47,4,36
37,Ben Roethlisberger,PIT,27,15,15,337,506,4328,26,12,40,82,2.05,2,0,0,,0,QB,325,45,9,37
38,Santonio Holmes,PIT,25,16,16,0,1,0,0,0,3,6,2.00,0,79,1248,15.80,5,WR,155,43,15,38
39,Jonathan Stewart,CAR,22,16,3,0,0,0,0,0,221,1133,5.13,10,18,139,7.72,1,RB,193,43,11,39
40,Hines Ward,PIT,33,16,16,0,0,0,0,0,0,0,,0,95,1167,12.28,6,WR,153,41,16,40
41,Jamaal Charles,KAN,23,15,10,0,0,0,0,0,190,1120,5.89,7,40,297,7.43,1,RB,190,40,12,41
42,Rashard Mendenhall,PIT,22,16,12,0,0,0,0,0,242,1108,4.58,7,25,261,10.44,1,RB,185,35,13,42
43,Derrick Mason,BAL,35,16,16,0,0,0,0,0,1,2,2.00,0,73,1028,14.08,7,WR,145,33,17,43
44,Donald Driver,GNB,34,16,16,0,0,0,0,0,1,13,13.00,0,70,1061,15.16,6,WR,143,31,18,44
45,Steve Smith,CAR,30,15,15,0,0,0,0,0,5,22,4.40,0,65,982,15.11,7,WR,142,30,19,45
46,DeAngelo Williams*,CAR,26,13,13,0,0,0,0,0,216,1117,5.17,7,29,252,8.69,0,RB,179,29,14,46
47,Tony Gonzalez,ATL,33,16,16,0,0,0,0,0,0,0,,0,83,867,10.45,6,TE,123,24,5,47
48,Fred Jackson,BUF,28,16,11,1,1,27,1,0,237,1062,4.48,2,46,371,8.07,2,RB,174,24,15,48
49,Visanthe Shiancoe,MIN,29,16,13,0,0,0,0,0,0,0,,0,56,566,10.11,11,TE,123,24,6,49
50,Calvin Johnson,DET,24,14,14,0,0,0,0,0,7,73,10.43,0,67,984,14.69,5,WR,136,24,20,50
51,Greg Jennings,GNB,26,16,13,0,0,0,0,0,0,0,,0,68,1113,16.37,4,WR,135,23,21,51
52,Robert Meachem,NOR,25,16,7,0,0,0,0,0,6,82,13.67,0,45,722,16.04,9,WR,134,22,22,52
53,Cedric Benson,CIN,27,13,13,0,0,0,0,0,301,1251,4.16,6,17,111,6.53,0,RB,172,22,16,53
54,Anquan Boldin,ARI,29,15,15,0,0,0,0,0,3,12,4.00,1,84,1024,12.19,4,WR,134,21,23,54
55,Eli Manning,NYG,28,16,16,317,509,4021,27,14,17,65,3.82,0,0,0,,0,QB,301,21,10,55
56,Kellen Winslow Jr.,TAM,26,16,14,0,0,0,0,0,1,7,7.00,0,77,884,11.48,5,TE,119,21,7,56
57,Knowshon Moreno,DEN,22,16,9,0,0,0,0,0,247,947,3.83,7,28,213,7.61,2,RB,170,20,17,57
58,Mike Sims-Walker,JAX,25,15,14,0,0,0,0,0,0,0,,0,63,869,13.79,7,WR,129,17,24,58
59,Jason Witten*,DAL,27,16,16,0,0,0,0,0,0,0,,0,94,1030,10.96,2,TE,115,17,8,59
,,,,,,Passing,Passing,Passing,Passing,Passing,Rushing,Rushing,Rushing,Rushing,Receiving,Receiving,Receiving,Receiving,Fantasy,Fantasy,Fantasy,Fantasy,Fantasy
Rk,,Tm,Age,G,GS,Cmp,Att,Yds,TD,Int,Att,Yds,Y/A,TD,Rec,Yds,Y/R,TD,FantPos,FantPt,VBD,PosRank,OvRank
60,Heath Miller*,PIT,27,16,16,0,0,0,0,0,0,0,,0,76,789,10.38,6,TE,115,16,9,60
61,Percy Harvin*,MIN,21,15,8,0,0,0,0,0,15,135,9.00,0,60,790,13.17,6,WR,129,16,25,61
62,Steve Slaton,HOU,23,11,10,0,0,0,0,0,131,437,3.34,3,44,417,9.48,4,WR,127,15,26,62
63,Matt Forte,CHI,24,16,16,0,0,0,0,0,258,929,3.60,4,57,471,8.26,0,RB,164,14,18,63
64,Terrell Owens,BUF,36,16,16,0,0,0,0,0,6,54,9.00,1,55,829,15.07,5,WR,124,12,27,64
65,Greg Olsen,CHI,24,16,15,0,0,0,0,0,0,0,,0,60,612,10.20,8,TE,109,11,10,65
66,LaDainian Tomlinson,SDG,30,14,14,0,1,0,0,0,223,730,3.27,12,20,154,7.70,0,RB,160,10,19,66
67,Pierre Thomas,NOR,25,14,6,0,0,0,0,0,147,793,5.39,6,39,302,7.74,2,RB,158,7,20,67
68,Marion Barber,DAL,26,15,15,0,0,0,0,0,214,932,4.36,7,26,221,8.50,0,RB,157,7,21,68
69,Mike Wallace,PIT,23,16,4,0,0,0,0,0,5,48,9.60,0,39,756,19.38,6,WR,116,4,28,69
70,Hakeem Nicks,NYG,21,14,6,0,0,0,0,0,2,8,4.00,0,47,790,16.81,6,WR,116,4,29,70
71,John Carlson,SEA,25,16,16,0,0,0,0,0,0,0,,0,51,574,11.25,7,TE,99,1,11,71
72,Michael Turner,ATL,27,11,11,0,0,0,0,0,178,871,4.89,10,5,35,7.00,0,RB,151,,22,72
73,Tim Hightower,ARI,23,16,16,0,0,0,0,0,143,598,4.18,8,63,428,6.79,0,RB,151,,23,73
74,Donovan McNabb*,PHI,33,14,14,267,443,3553,22,10,37,140,3.78,2,1,1,1.00,0,QB,280,,11,74
75,Zach Miller,OAK,24,15,15,0,0,0,0,0,0,0,,0,66,805,12.20,3,TE,99,,12,75
76,Mario Manningham,NYG,23,14,10,0,0,0,0,0,0,0,,0,57,822,14.42,5,WR,112,,30,76
77,Jerome Harrison,CLE,26,14,7,0,0,0,0,0,194,862,4.44,5,34,220,6.47,2,RB,150,,24,77
78,Jay Cutler,CHI,26,16,16,336,555,3666,27,26,40,173,4.33,1,0,0,,0,QB,280,,12,78
79,Kurt Warner,ARI,38,15,15,339,513,3753,26,14,21,10,0.48,0,0,0,,0,QB,279,,13,
80,Jason Campbell,WAS,28,16,16,327,507,3618,20,15,46,236,5.13,1,0,0,,0,QB,264,,14,
81,David Garrard*,JAX,31,16,16,314,516,3597,15,10,77,323,4.19,3,0,0,,0,QB,264,,15,
82,Kyle Orton,DEN,27,16,15,336,541,3802,21,12,24,71,2.96,0,0,0,,0,QB,261,,16,
83,Joe Flacco,BAL,24,16,16,315,499,3613,21,12,35,56,1.60,0,0,0,,0,QB,252,,17,
84,Carson Palmer,CIN,30,16,16,282,466,3094,21,13,39,93,2.38,3,0,0,,0,QB,251,,18,
85,Matt Ryan,ATL,24,14,14,263,451,2916,22,14,30,49,1.63,1,0,0,,0,QB,232,,19,
86,Matt Hasselbeck,SEA,34,14,14,293,488,3029,17,17,26,119,4.58,0,0,0,,0,QB,201,,20,
87,Matt Cassel,KAN,27,15,15,271,493,2924,16,16,50,189,3.78,0,0,0,,0,QB,200,,21,
88,Alex Smith,SFO,25,11,10,225,372,2350,18,12,24,51,2.13,0,1,-6,-6.00,0,QB,183,,22,
89,Chad Henne,MIA,24,14,13,274,451,2878,12,14,16,32,2.00,1,0,0,,0,QB,168,,23,
,,,,,,Passing,Passing,Passing,Passing,Passing,Rushing,Rushing,Rushing,Rushing,Receiving,Receiving,Receiving,Receiving,Fantasy,Fantasy,Fantasy,Fantasy,Fantasy
Rk,,Tm,Age,G,GS,Cmp,Att,Yds,TD,Int,Att,Yds,Y/A,TD,Rec,Yds,Y/R,TD,FantPos,FantPt,VBD,PosRank,OvRank
90,Vince Young*,TEN,26,12,10,152,259,1879,10,7,55,281,5.11,2,0,0,,0,QB,161,,24,
91,Mark Sanchez,NYJ,23,15,15,196,364,2444,12,20,36,106,2.94,3,0,0,,0,QB,158,,25,
92,Matthew Stafford,DET,21,10,10,201,377,2267,13,20,20,108,5.40,2,0,0,,0,QB,151,,26,
93,Willis McGahee,BAL,28,16,1,0,0,0,0,0,109,544,4.99,12,15,85,5.67,2,RB,147,,25,
94,Kevin Smith,DET,23,13,13,0,0,0,0,0,217,747,3.44,4,41,415,10.12,1,RB,146,,26,
95,Cadillac Williams,TAM,27,16,15,0,0,0,0,0,211,823,3.90,4,28,217,7.75,3,RB,146,,27,
96,Ahmad Bradshaw,NYG,23,15,1,0,0,0,0,0,163,778,4.77,7,21,207,9.86,0,RB,141,,28,
97,Laurence Maroney,NWE,24,15,5,0,0,0,0,0,194,757,3.90,9,14,99,7.07,0,RB,140,,29,
98,Brandon Jacobs,NYG,27,15,15,0,0,0,0,0,224,835,3.73,5,18,184,10.22,1,RB,138,,30,
99,Chris Wells,ARI,21,16,0,0,0,0,0,0,176,793,4.51,7,12,143,11.92,0,RB,136,,31,
100,Ronnie Brown,MIA,28,9,9,2,6,22,1,0,147,648,4.41,8,14,98,7.00,0,RB,129,,32,
101,Reggie Bush,NOR,24,14,8,0,0,0,0,0,70,390,5.57,5,47,335,7.13,3,RB,121,,33,
102,LeSean McCoy,PHI,21,16,4,0,0,0,0,0,155,637,4.11,4,40,308,7.70,0,RB,119,,34,
103,Jason Snelling,ATL,26,14,2,0,0,0,0,0,142,613,4.32,4,30,259,8.63,1,RB,117,,35,
104,Josh Freeman,TAM,21,10,9,158,290,1855,10,18,30,161,5.37,0,0,1,,0,QB,114,,27,
105,Julius Jones,SEA,28,14,14,0,0,0,0,0,177,663,3.75,2,35,232,6.63,2,RB,114,,36,
106,Ryan Fitzpatrick,BUF,27,10,8,127,227,1422,9,10,31,141,4.55,1,0,0,,0,QB,111,,28,
107,Austin Collie,IND,24,16,5,0,0,0,0,0,2,1,0.50,0,60,676,11.27,7,WR,110,,31,
108,T.J. Houshmandzadeh,SEA,32,16,16,0,0,0,0,0,0,0,,0,79,911,11.53,3,WR,109,,32,
109,Santana Moss,WAS,30,16,16,0,0,0,0,0,2,8,4.00,0,70,902,12.89,3,WR,109,,33,
110,Jerricho Cotchery,NYJ,27,14,12,0,0,0,0,0,2,7,3.50,1,57,821,14.40,3,WR,107,,34,
111,Brady Quinn,CLE,25,10,9,136,256,1339,8,7,20,98,4.90,1,1,18,18.00,0,QB,105,,29,
112,Chris Chambers,2TM,31,16,14,0,0,0,0,0,0,0,,0,45,730,16.22,5,WR,103,,36,
113,Lee Evans,BUF,28,16,16,0,0,0,0,0,0,0,,0,44,612,13.91,7,WR,103,,35,
114,Pierre Garcon,IND,23,14,13,0,0,0,0,0,2,10,5.00,0,47,765,16.28,4,WR,102,,38,
115,Roy E. Williams,DAL,28,15,13,0,0,0,0,0,0,0,,0,38,596,15.68,7,WR,102,,37,
116,Nate Burleson,SEA,28,13,12,0,0,0,0,0,2,4,2.00,0,63,812,12.89,3,WR,100,,39,
117,Jeremy Maclin,PHI,21,15,13,0,0,0,0,0,2,-7,-3.50,0,56,773,13.80,4,WR,100,,40,
118,Jake Delhomme,CAR,34,11,11,178,321,2015,8,18,17,60,3.53,0,0,0,,0,QB,99,,30,
119,Jermichael Finley,GNB,22,13,10,0,0,0,0,0,0,0,,0,55,676,12.29,5,TE,98,,13,
,,,,,,Passing,Passing,Passing,Passing,Passing,Rushing,Rushing,Rushing,Rushing,Receiving,Receiving,Receiving,Receiving,Fantasy,Fantasy,Fantasy,Fantasy,Fantasy
Rk,,Tm,Age,G,GS,Cmp,Att,Yds,TD,Int,Att,Yds,Y/A,TD,Rec,Yds,Y/R,TD,FantPos,FantPt,VBD,PosRank,OvRank
120,Mike Bell,NOR,26,13,3,0,0,0,0,0,172,654,3.80,5,4,12,3.00,0,RB,97,,37,
121,Todd Heap,BAL,29,16,16,0,0,0,0,0,1,2,2.00,0,53,593,11.19,6,TE,96,,14,
122,Patrick Crayton,DAL,30,16,6,0,0,0,0,0,4,28,7.00,0,37,622,16.81,5,WR,95,,41,
123,Steve Breaston,ARI,26,15,6,0,0,0,0,0,2,44,22.00,0,55,712,12.95,3,WR,94,,45,
124,Correll Buckhalter,DEN,31,14,7,0,0,0,0,0,120,642,5.35,1,31,240,7.74,0,RB,94,,38,
125,Devery Henderson,NOR,27,16,11,0,0,0,0,0,4,13,3.25,0,51,804,15.76,2,WR,94,,43,
126,Devin Hester,CHI,27,13,12,0,0,0,0,0,6,-1,-0.17,0,57,757,13.28,3,WR,94,,44,
127,Nate Washington,TEN,26,16,15,0,0,0,0,0,2,15,7.50,0,47,569,12.11,6,WR,94,,42,
128,Donnie Avery,STL,25,16,16,0,0,0,0,0,4,30,7.50,0,47,589,12.53,5,WR,92,,47,
129,Braylon Edwards,2TM,26,16,15,0,1,0,0,0,0,0,,0,45,680,15.11,4,WR,92,,46,
130,Kevin Boss,NYG,25,15,15,0,0,0,0,0,1,16,16.00,0,42,567,13.50,5,TE,88,,15,
131,Kenny Britt,TEN,21,16,6,0,0,0,0,0,0,0,,0,42,701,16.69,3,WR,88,,48,
132,Michael Bush,OAK,25,16,7,0,1,0,0,0,123,589,4.79,3,17,105,6.18,0,RB,87,,39,
133,Fred Davis,WAS,23,16,10,0,0,0,0,0,0,0,,0,48,509,10.60,6,TE,87,,16,
134,Bernard Berrian,MIN,29,16,15,0,0,0,0,0,0,0,,0,55,618,11.24,4,WR,86,,49,
135,Matt Moore,CAR,25,7,5,85,138,1053,8,2,12,-3,-0.25,0,0,0,,0,QB,86,,31,
136,Jabar Gaffney,DEN,29,16,7,0,0,0,0,0,0,0,,0,54,732,13.56,2,WR,85,,50,
137,Chester Taylor,MIN,30,16,0,0,0,0,0,0,94,338,3.60,1,44,389,8.84,1,RB,85,,40,
138,Earl Bennett,CHI,22,16,15,0,0,0,0,0,0,0,,0,54,717,13.28,2,WR,84,,52,
139,Antonio Bryant,TAM,28,13,11,0,0,0,0,0,0,0,,0,39,600,15.38,4,WR,84,,51,
140,Malcom Floyd,SDG,28,16,9,0,0,0,0,0,0,0,,0,45,776,17.24,1,WR,84,,53,
141,Dwayne Bowe,KAN,25,11,9,0,0,0,0,0,0,0,,0,47,589,12.53,4,WR,83,,54,
142,Laveranues Coles,CIN,32,16,13,0,0,0,0,0,2,10,5.00,0,43,514,11.95,5,WR,82,,55,
143,Owen Daniels,HOU,27,8,8,0,0,0,0,0,0,0,,0,40,519,12.98,5,TE,82,,17,
144,Kevin Faulk,NWE,33,15,7,0,0,0,0,0,62,335,5.40,2,37,301,8.14,1,RB,82,,41,
145,Bruce Gradkowski,OAK,26,7,4,82,150,1007,6,3,18,108,6.00,0,0,0,,0,QB,81,,32,
146,Mohamed Massaquoi,CLE,23,16,11,0,0,0,0,0,1,-3,-3.00,0,34,624,18.35,3,WR,80,,56,
147,Ryan Moats,HOU,27,14,2,0,0,0,0,0,101,390,3.86,4,13,106,8.15,1,RB,80,,42,
148,Marc Bulger,STL,32,9,8,140,247,1469,5,6,8,22,2.75,0,0,0,,0,QB,79,,34,
149,Trent Edwards,BUF,26,8,7,110,183,1169,6,7,14,106,7.57,0,0,0,,0,QB,79,,33,
,,,,,,Passing,Passing,Passing,Passing,Passing,Rushing,Rushing,Rushing,Rushing,Receiving,Receiving,Receiving,Receiving,Fantasy,Fantasy,Fantasy,Fantasy,Fantasy
Rk,,Tm,Age,G,GS,Cmp,Att,Yds,TD,Int,Att,Yds,Y/A,TD,Rec,Yds,Y/R,TD,FantPos,FantPt,VBD,PosRank,OvRank
150,Louis Murphy,OAK,22,16,9,0,0,0,0,0,6,31,5.17,0,34,521,15.32,4,WR,79,,57,
151,Justin Fargas,OAK,29,12,4,0,0,0,0,0,129,491,3.81,3,17,113,6.65,0,RB,78,,43,
152,Brian Hartline,MIA,23,16,2,0,0,0,0,0,4,29,7.25,1,31,506,16.32,3,WR,78,,58,
153,Jason Avant,PHI,26,16,9,0,0,0,0,0,0,0,,0,41,587,14.32,3,WR,77,,60,
154,Kerry Collins,TEN,37,7,6,119,216,1225,6,8,11,15,1.36,1,0,0,,0,QB,77,,35,
155,Josh Morgan,SFO,24,16,15,0,0,0,0,0,5,61,12.20,0,52,527,10.13,3,WR,77,,59,
156,Kevin Walter,HOU,28,14,14,0,0,0,0,0,4,26,6.50,0,53,611,11.53,2,WR,76,,61,
157,Michael Crabtree,SFO,22,11,11,0,0,0,0,0,0,0,,0,48,625,13.02,2,WR,75,,62,
158,Marshawn Lynch,BUF,23,13,6,0,0,0,0,0,120,450,3.75,2,28,179,6.39,0,RB,75,,44,
159,Jeremy Shockey,NOR,29,13,12,0,0,0,0,0,0,0,,0,48,569,11.85,3,TE,75,,18,
160,James Jones,GNB,25,16,3,0,0,0,0,0,0,0,,0,32,440,13.75,5,WR,74,,63,
161,Derrick Ward,TAM,29,14,1,0,0,0,0,0,114,409,3.59,1,20,150,7.50,2,RB,74,,45,
162,Torry Holt,JAX,33,15,12,0,0,0,0,0,0,0,,0,51,722,14.16,0,WR,72,,64,
163,Shaun Hill,SFO,29,6,6,87,155,943,5,2,8,70,8.75,0,0,0,,0,QB,71,,36,
164,Maurice Morris,DET,30,14,3,0,0,0,0,0,93,384,4.13,2,26,210,8.08,0,RB,71,,46,
165,Michael Jenkins,ATL,27,15,9,0,0,0,0,0,0,0,,0,50,635,12.70,1,WR,70,,65,
166,Ben Watson,NWE,29,16,7,0,0,0,0,0,0,0,,0,29,404,13.93,5,TE,70,,19,
167,Leonard Weaver*+,PHI,27,16,8,0,0,0,0,0,70,323,4.61,2,15,140,9.33,2,RB,70,,47,
168,Clinton Portis,WAS,28,8,8,0,1,0,0,0,124,494,3.98,1,9,57,6.33,1,RB,67,,48,
169,Tashard Choice,DAL,25,16,0,0,0,0,0,0,64,349,5.45,3,15,132,8.80,0,RB,66,,50,
170,Shonn Greene,NYJ,24,14,0,0,0,0,0,0,108,540,5.00,2,0,0,,0,RB,66,,52,
171,Larry Johnson,2TM,30,14,7,0,0,0,0,0,178,581,3.26,0,15,80,5.33,0,RB,66,,51,
172,Darren McFadden,OAK,22,12,7,0,0,0,0,0,104,357,3.43,1,21,245,11.67,0,RB,66,,49,
173,Dustin Keller,NYJ,25,16,12,0,0,0,0,0,1,7,7.00,0,45,522,11.60,2,TE,65,,20,
174,Marcedes Lewis,JAX,25,15,15,0,0,0,0,0,0,0,,0,32,518,16.19,2,TE,64,,21,
175,Muhsin Muhammad,CAR,36,14,13,0,0,0,0,0,0,0,,0,53,581,10.96,1,WR,64,,66,
176,Donald Brown,IND,22,11,1,0,0,0,0,0,78,281,3.60,3,11,169,15.36,0,RB,63,,53,
177,Mark Clayton,BAL,27,14,12,1,1,0,0,0,4,28,7.00,0,34,480,14.12,2,WR,63,,67,
178,Josh Cribbs*+,CLE,26,16,12,1,4,18,0,1,55,381,6.93,1,20,135,6.75,1,WR,62,,68,
179,Sammy Morris,NWE,32,12,5,0,0,0,0,0,73,319,4.37,2,19,180,9.47,0,RB,62,,54,
,,,,,,Passing,Passing,Passing,Passing,Passing,Rushing,Rushing,Rushing,Rushing,Receiving,Receiving,Receiving,Receiving,Fantasy,Fantasy,Fantasy,Fantasy,Fantasy
Rk,,Tm,Age,G,GS,Cmp,Att,Yds,TD,Int,Att,Yds,Y/A,TD,Rec,Yds,Y/R,TD,FantPos,FantPt,VBD,PosRank,OvRank
180,Bryant Johnson,DET,28,16,16,0,0,0,0,0,0,0,,0,35,417,11.91,3,WR,60,,69,
181,Jamal Lewis,CLE,30,9,8,0,0,0,0,0,143,500,3.50,0,8,88,11.00,0,RB,59,,55,
182,Mike Tolbert,SDG,24,16,3,0,0,0,0,0,25,148,5.92,1,17,192,11.29,3,RB,58,,56,
183,Brian Westbrook,PHI,30,8,7,0,1,0,0,0,61,274,4.49,1,25,181,7.24,1,RB,58,,57,
184,Brandon Stokley,DEN,33,16,2,0,0,0,0,0,0,0,,0,19,327,17.21,4,WR,57,,70,
185,Justin Gage,TEN,28,12,10,0,0,0,0,0,0,0,,0,28,383,13.68,3,WR,56,,71,
186,Ted Ginn Jr.,MIA,24,16,12,0,0,0,0,0,7,48,6.86,0,38,454,11.95,1,WR,56,,72,
187,Deion Branch,SEA,30,14,5,0,0,0,0,0,1,-8,-8.00,0,45,437,9.71,2,WR,55,,75,
188,Greg Camarillo,MIA,27,16,16,0,0,0,0,0,0,0,,0,50,552,11.04,0,WR,55,,74,
189,Kelley Washington,BAL,30,15,2,0,0,0,0,0,1,1,1.00,0,34,431,12.68,2,WR,55,,73,
190,Devin Aromashodu,CHI,25,10,2,0,0,0,0,0,0,0,,0,24,298,12.42,4,WR,54,,76,
191,Kevin Kolb,PHI,25,5,2,62,96,741,4,3,5,-1,-0.20,1,0,0,,0,QB,54,,37,
192,Tony Scheffler,DEN,26,15,9,0,0,0,0,0,0,0,,0,31,416,13.42,2,TE,54,,22,
193,Daunte Culpepper,DET,32,8,5,89,157,945,3,6,18,91,5.06,0,0,0,,0,QB,53,,38,
194,Arian Foster,HOU,23,6,1,0,0,0,0,0,54,257,4.76,3,8,93,11.63,0,RB,53,,58,
195,Fred Taylor,NWE,33,6,1,0,0,0,0,0,63,269,4.27,4,2,17,8.50,0,RB,53,,59,
196,JaMarcus Russell,OAK,24,12,9,120,246,1287,3,11,18,44,2.44,0,0,0,,0,QB,52,,39,
197,Ladell Betts,WAS,30,10,2,0,0,0,0,0,56,210,3.75,2,17,179,10.53,0,RB,51,,61,
198,Willie Parker,PIT,29,14,3,0,0,0,0,0,98,389,3.97,0,6,64,10.67,1,RB,51,,60,
199,Seneca Wallace,SEA,29,13,2,78,120,700,3,2,16,2,0.13,1,2,29,14.50,0,QB,51,,40,
200,Kyle Boller,STL,28,7,4,98,176,899,3,6,13,76,5.85,0,0,0,,0,QB,50,,43,
201,Chris Brown,HOU,28,14,4,0,1,0,0,1,79,267,3.38,3,16,74,4.63,0,RB,50,,62,
202,Josh Johnson,TAM,23,6,4,63,125,685,4,8,22,148,6.73,0,0,0,,0,QB,50,,41,
203,Jerious Norwood,ATL,26,10,4,0,0,0,0,0,76,252,3.32,0,19,186,9.79,1,RB,50,,63,
204,Chris Redman,ATL,32,6,2,69,119,781,4,3,6,4,0.67,0,0,0,,0,QB,50,,42,
205,Bo Scaife,TEN,28,14,10,0,0,0,0,0,0,0,,0,45,440,9.78,1,TE,50,,23,
206,Devin Thomas,WAS,23,14,10,0,0,0,0,0,3,-2,-0.67,0,25,325,13.00,3,WR,50,,77,
207,Bobby Wade,KAN,28,12,6,0,0,0,0,0,3,11,3.67,0,36,367,10.19,2,WR,50,,78,
208,Chaz Schilens,OAK,24,8,8,0,0,0,0,0,0,0,,0,29,365,12.59,2,WR,49,,79,
209,Quinton Ganther,WAS,25,8,4,0,0,0,0,0,62,201,3.24,3,9,99,11.00,0,RB,48,,64,
,,,,,,Passing,Passing,Passing,Passing,Passing,Rushing,Rushing,Rushing,Rushing,Receiving,Receiving,Receiving,Receiving,Fantasy,Fantasy,Fantasy,Fantasy,Fantasy
Rk,,Tm,Age,G,GS,Cmp,Att,Yds,TD,Int,Att,Yds,Y/A,TD,Rec,Yds,Y/R,TD,FantPos,FantPt,VBD,PosRank,OvRank
210,Will Heller,DET,28,16,9,0,0,0,0,0,0,0,,0,29,296,10.21,3,TE,48,,24,
211,Brandon Jackson,GNB,24,12,0,0,0,0,0,0,37,111,3.00,2,21,187,8.90,1,RB,48,,65,
212,Mark Bradley,KAN,27,13,6,1,1,26,0,0,2,20,10.00,0,24,320,13.33,2,WR,47,,80,
213,Brandon Pettigrew,DET,24,11,11,0,0,0,0,0,0,0,,0,30,346,11.53,2,TE,47,,25,
214,Derek Anderson,CLE,26,8,7,81,182,888,3,10,10,8,0.80,2,0,0,,0,QB,46,,44,
215,Anthony Fasano,MIA,25,14,14,0,0,0,0,0,0,0,,0,31,339,10.94,2,TE,46,,26,
216,Sam Aiken,NWE,29,14,7,0,0,0,0,0,0,0,,0,20,326,16.30,2,WR,45,,81,
217,Chris Cooley,WAS,27,7,7,0,0,0,0,0,0,0,,0,29,332,11.45,2,TE,45,,28,
218,Daniel Fells,STL,26,14,4,0,0,0,0,0,0,0,,0,21,273,13.00,3,TE,45,,27,
219,Mewelde Moore,PIT,27,16,0,1,1,6,1,0,35,118,3.37,0,21,153,7.29,2,RB,45,,66,
220,Le'Ron McClain*,BAL,25,16,14,0,0,0,0,0,46,180,3.91,2,21,141,6.71,0,RB,44,,67,
221,Chansi Stuckey,2TM,26,15,3,0,0,0,0,0,2,6,3.00,0,30,318,10.60,2,WR,44,,82,
222,Lex Hilliard,MIA,25,16,0,0,0,0,0,0,23,89,3.87,1,20,158,7.90,2,RB,43,,68,
223,Dante Rosario,CAR,25,14,8,0,0,0,0,0,0,0,,0,26,313,12.04,2,TE,43,,29,
224,Maurice Stovall,TAM,24,15,7,0,0,0,0,0,0,0,,0,24,366,15.25,1,WR,43,,83,
225,Julian Edelman,NWE,23,11,7,0,0,0,0,0,2,5,2.50,0,37,359,9.70,1,WR,42,,84,
226,Byron Leftwich,TAM,29,3,3,58,107,594,4,3,6,6,1.00,0,0,0,,0,QB,42,,45,
227,David Thomas,NOR,26,15,8,0,0,0,0,0,0,0,,0,35,356,10.17,1,TE,42,,30,
228,Brandon Gibson,2TM,22,10,4,0,0,0,0,0,0,0,,0,34,348,10.24,1,WR,41,,85,
229,Randy McMichael,STL,30,16,16,0,0,0,0,0,0,0,,0,34,332,9.76,1,TE,39,,31,
230,Bernard Scott,CIN,25,13,2,0,0,0,0,0,74,321,4.34,0,5,67,13.40,0,RB,39,,69,
231,Sammie Stroughter,TAM,23,13,0,0,0,0,0,0,0,0,,0,31,334,10.77,1,WR,39,,86,
232,Joel Dreessen,HOU,27,16,11,0,0,0,0,0,0,0,,0,26,320,12.31,1,TE,38,,34,
233,John Paul Foschi,CIN,27,15,10,0,0,0,0,0,0,0,,0,27,260,9.63,2,TE,38,,33,
234,Jeff King,CAR,26,16,15,0,0,0,0,0,0,0,,0,25,200,8.00,3,TE,38,,32,
235,Legedu Naanee,SDG,26,15,1,1,1,21,0,0,3,7,2.33,0,24,242,10.08,2,WR,38,,87,
236,David Anderson,HOU,26,16,8,0,0,0,0,0,0,0,,0,38,370,9.74,0,TE,37,,35,
237,Glen Coffee,SFO,22,14,2,0,0,0,0,0,83,226,2.72,1,11,76,6.91,0,RB,36,,71,
238,Chris Henry,CIN,26,8,0,0,0,0,0,0,0,0,,0,12,236,19.67,2,WR,36,,88,
239,Rashad Jennings,JAX,24,15,0,0,0,0,0,0,39,202,5.18,1,16,101,6.31,0,RB,36,,70,
,,,,,,Passing,Passing,Passing,Passing,Passing,Rushing,Rushing,Rushing,Rushing,Receiving,Receiving,Receiving,Receiving,Fantasy,Fantasy,Fantasy,Fantasy,Fantasy
Rk,,Tm,Age,G,GS,Cmp,Att,Yds,TD,Int,Att,Yds,Y/A,TD,Rec,Yds,Y/R,TD,FantPos,FantPt,VBD,PosRank,OvRank
240,LenDale White,TEN,25,13,0,0,0,0,0,0,64,222,3.47,2,3,14,4.67,0,RB,36,,72,
241,Daniel Graham,DEN,31,16,14,0,0,0,0,0,0,0,,0,28,289,10.32,1,TE,35,,36,
242,Malcolm Kelly,WAS,23,16,10,0,0,0,0,0,0,0,,0,25,347,13.88,0,WR,35,,90,
243,Josh Reed,BUF,29,14,4,0,0,0,0,0,0,0,,0,27,291,10.78,1,WR,35,,89,
244,Eddie Royal,DEN,23,14,12,0,0,0,0,0,1,1,1.00,0,37,345,9.32,0,WR,35,,91,
245,Chris Jennings,CLE,24,9,1,0,0,0,0,0,63,220,3.49,1,9,56,6.22,0,RB,34,,73,
246,Zach Miller,JAX,25,14,0,0,0,0,0,0,1,3,3.00,0,21,212,10.10,2,TE,34,,37,
247,Brad Smith,NYJ,26,13,2,1,1,27,0,0,18,207,11.50,1,7,63,9.00,0,QB,34,,46,
248,Donald Lee,GNB,29,16,10,0,0,0,0,0,0,0,,0,37,260,7.03,1,TE,32,,38,
249,Michael Vick,PHI,29,12,1,6,13,86,1,0,24,95,3.96,2,0,0,,0,QB,31,,47,
250,Brian Leonard,CIN,25,14,1,0,0,0,0,0,27,84,3.11,0,30,217,7.23,0,RB,30,,74,
251,Mike Sellers,WAS,34,15,7,0,0,0,0,0,0,0,,0,17,176,10.35,2,RB,30,,75,
252,Michael Clayton,TAM,27,13,11,0,1,0,0,0,0,0,,0,16,230,14.38,1,WR,29,,92,
253,Lynell Hamilton,NOR,24,9,1,0,0,0,0,0,35,125,3.57,2,5,48,9.60,0,RB,29,,76,
254,Alge Crumpler,TEN,32,16,14,0,0,0,0,0,0,0,,0,27,222,8.22,1,TE,28,,40,
255,Joey Haynos,MIA,25,16,8,0,0,0,0,0,0,0,,0,19,162,8.53,2,TE,28,,39,
256,Johnnie Lee Higgins,OAK,26,15,5,0,0,0,0,0,2,21,10.50,0,19,263,13.84,0,WR,28,,93,
257,Desmond Clark,CHI,32,11,7,0,0,0,0,0,0,0,,0,19,145,7.63,2,TE,27,,42,
258,Early Doucet,ARI,24,9,0,0,0,0,0,0,0,0,,0,17,214,12.59,1,WR,27,,94,
259,Heath Evans,NOR,31,6,5,0,0,0,0,0,5,16,3.20,1,10,70,7.00,2,RB,27,,78,
260,Lance Moore,NOR,26,7,0,0,0,0,0,0,0,0,,0,14,153,10.93,2,WR,27,,95,
261,Ben Patrick,ARI,25,9,7,0,0,0,0,0,0,0,,0,12,146,12.17,2,TE,27,,41,
262,Delanie Walker,SFO,25,16,8,0,0,0,0,0,3,34,11.33,0,21,233,11.10,0,RB,27,,77,
263,Chris Baker,NWE,30,16,7,0,0,0,0,0,0,0,,0,14,142,10.14,2,TE,26,,43,
264,Isaac Bruce,SFO,37,10,7,0,0,0,0,0,1,-8,-8.00,0,21,264,12.57,0,WR,26,,97,
265,Kellen Davis,CHI,24,16,2,0,0,0,0,0,0,0,,0,9,75,8.33,3,TE,26,,45,
266,Dwayne Jarrett,CAR,23,13,2,0,0,0,0,0,0,0,,0,17,196,11.53,1,WR,26,,96,
267,Sean Ryan,KAN,29,10,8,0,0,0,0,0,0,0,,0,14,135,9.64,2,TE,26,,44,
268,Marty Booker,ATL,33,16,1,0,0,0,0,0,1,7,7.00,0,16,181,11.31,1,WR,25,,100,
269,Keenan Burton,STL,25,9,6,0,0,0,0,0,0,0,,0,25,253,10.12,0,WR,25,,98,
,,,,,,Passing,Passing,Passing,Passing,Passing,Rushing,Rushing,Rushing,Rushing,Receiving,Receiving,Receiving,Receiving,Fantasy,Fantasy,Fantasy,Fantasy,Fantasy
Rk,,Tm,Age,G,GS,Cmp,Att,Yds,TD,Int,Att,Yds,Y/A,TD,Rec,Yds,Y/R,TD,FantPos,FantPt,VBD,PosRank,OvRank
270,David Clowney,NYJ,24,13,3,0,0,0,0,0,3,1,0.33,0,14,191,13.64,1,WR,25,,99,
271,Kenneth Darby,STL,27,16,1,0,0,0,0,0,27,152,5.63,0,18,96,5.33,0,RB,25,,79,
272,Charlie Frye,OAK,28,3,3,53,87,581,1,4,4,41,10.25,0,0,0,,0,QB,25,,48,
273,John Kuhn,GNB,27,14,6,0,0,0,0,0,8,18,2.25,1,7,47,6.71,2,RB,25,,80,
274,Gary Barnidge,CAR,24,16,3,0,0,0,0,0,0,0,,0,12,242,20.17,0,TE,24,,46,
275,David Carr,NYG,30,6,0,21,33,225,1,0,9,27,3.00,1,0,0,,0,QB,24,,49,
276,Ahman Green,GNB,32,8,0,0,0,0,0,0,41,160,3.90,1,3,18,6.00,0,RB,24,,81,
277,Keith Null,STL,24,4,4,73,119,566,3,9,5,6,1.20,0,0,0,,0,QB,23,,50,
278,Leonard Pope,KAN,26,13,8,0,0,0,0,0,0,0,,0,20,174,8.70,1,TE,23,,47,
279,Laurent Robinson,STL,24,3,3,0,0,0,0,0,0,0,,0,13,167,12.85,1,WR,23,,101,
280,Kahlil Bell,CHI,23,7,0,0,0,0,0,0,40,220,5.50,0,1,4,4.00,0,RB,22,,82,
281,Vonta Leach,HOU,28,16,4,0,0,0,0,0,0,0,,0,20,155,7.75,1,RB,22,,83,
282,Shawn Nelson,BUF,24,12,12,0,0,0,0,0,0,0,,0,17,156,9.18,1,TE,22,,48,
283,Brodie Croyle,KAN,26,3,1,23,40,230,2,0,0,0,,0,0,0,,0,QB,21,,51,
284,Jason Hill,SFO,24,11,0,0,0,0,0,0,0,0,,0,9,90,10.00,2,WR,21,,102,
285,Darrius Heyward-Bey,OAK,22,11,11,0,0,0,0,0,2,19,9.50,0,9,124,13.78,1,WR,20,,103,
286,Brad Hoover,CAR,33,11,4,0,0,0,0,0,20,52,2.60,1,4,23,5.75,1,RB,20,,84,
287,Demetrius Williams,BAL,26,12,0,0,0,0,0,0,0,0,,0,8,142,17.75,1,WR,20,,104,
288,Dennis Dixon,PIT,24,1,1,12,26,145,1,1,3,27,9.00,1,0,0,,0,QB,19,,53,
289,Marcus Mason,WAS,25,10,0,0,0,0,0,0,32,127,3.97,0,6,58,9.67,0,RB,19,,87,
290,Chad Pennington,MIA,33,3,3,51,74,413,1,2,3,7,2.33,0,0,0,,0,QB,19,,52,
291,Robert Royal,CLE,30,13,11,0,0,0,0,0,0,0,,0,11,134,12.18,1,TE,19,,49,
292,Jerramy Stevens,TAM,30,16,8,0,0,0,0,0,0,0,,0,15,130,8.67,1,TE,19,,50,
293,Jerheme Urban,ARI,29,10,0,0,0,0,0,0,0,0,,0,18,186,10.33,0,WR,19,,105,
294,Garrett Wolfe,CHI,25,8,0,0,0,0,0,0,22,120,5.45,1,2,12,6.00,0,RB,19,,85,
295,Jason Wright,ARI,27,16,0,0,0,0,0,0,3,17,5.67,0,9,53,5.89,2,RB,19,,86,
296,Todd Yoder,WAS,31,16,1,0,0,0,0,0,0,0,,0,4,9,2.25,3,TE,19,,51,
297,Deon Butler,SEA,23,16,0,0,0,0,0,0,0,0,,0,15,175,11.67,0,WR,18,,108,
298,Jeff Dugan,MIN,28,16,4,0,0,0,0,0,3,7,2.33,0,6,52,8.67,2,TE,18,,53,
299,Jerome Felton,DET,23,13,8,0,0,0,0,0,15,46,3.07,0,13,133,10.23,0,RB,18,,90,
,,,,,,Passing,Passing,Passing,Passing,Passing,Rushing,Rushing,Rushing,Rushing,Receiving,Receiving,Receiving,Receiving,Fantasy,Fantasy,Fantasy,Fantasy,Fantasy
Rk,,Tm,Age,G,GS,Cmp,Att,Yds,TD,Int,Att,Yds,Y/A,TD,Rec,Yds,Y/R,TD,FantPos,FantPt,VBD,PosRank,OvRank
300,Earnest Graham,TAM,29,13,6,0,0,0,0,0,14,66,4.71,0,14,109,7.79,0,RB,18,,91,
301,Justin Griffith,SEA,28,13,11,0,0,0,0,0,4,6,1.50,0,19,118,6.21,1,RB,18,,88,
302,Mike Hart,IND,23,9,0,0,0,0,0,0,26,70,2.69,1,5,54,10.80,0,RB,18,,89,
303,Sam Hurd,DAL,24,16,1,0,0,0,0,0,0,0,,0,7,121,17.29,1,WR,18,,106,
304,Lance Long,2TM,24,8,1,0,0,0,0,0,1,-1,-1.00,0,20,178,8.90,0,WR,18,,107,
305,Ernest Wilford,JAX,30,15,7,0,0,0,0,0,0,0,,0,11,123,11.18,1,TE,18,,52,
306,Lousaka Polite,MIA,28,16,9,0,0,0,0,0,37,123,3.32,0,11,51,4.64,0,RB,17,,92,
307,Martellus Bennett,DAL,22,14,6,0,0,0,0,0,0,0,,0,15,159,10.60,0,TE,16,,54,
308,Derek Hagan,NYG,25,16,0,0,0,0,0,0,0,0,,0,8,101,12.63,1,WR,16,,109,
309,Greg Lewis,MIN,29,13,1,0,0,0,0,0,0,0,,0,8,96,12.00,1,WR,16,,110,
310,Evan Moore,CLE,24,5,0,0,0,0,0,0,0,0,,0,12,158,13.17,0,TE,16,,55,
311,Reggie Brown,PHI,28,14,2,0,0,0,0,0,1,-3,-3.00,0,9,155,17.22,0,WR,15,,111,
312,Daniel Coats,CIN,25,16,11,0,0,0,0,0,0,0,,0,16,150,9.38,0,TE,15,,56,
313,DJ Ware,NYG,24,8,0,0,0,0,0,0,13,73,5.62,1,3,15,5.00,0,RB,15,,93,
314,Danny Woodhead,NYJ,24,10,0,0,0,0,0,0,15,64,4.27,0,8,87,10.88,0,WR,15,,112,
315,Mike Cox,KAN,24,16,10,0,0,0,0,0,3,5,1.67,1,10,79,7.90,0,RB,14,,95,
316,Brian Hoyer,NWE,24,5,0,19,27,142,0,0,10,25,2.50,1,0,0,,0,QB,14,,54,
317,Edgerrin James,SEA,31,7,0,0,0,0,0,0,46,125,2.72,0,3,19,6.33,0,RB,14,,94,
318,Michael Bennett,SDG,31,6,0,0,0,0,0,0,23,65,2.83,0,6,65,10.83,0,RB,13,,101,
319,Tim Castille,KAN,25,7,0,0,1,0,0,1,14,55,3.93,0,4,37,9.25,1,RB,13,,99,
320,Casey Fitzsimmons,DET,29,12,1,0,0,0,0,0,0,0,,0,18,128,7.11,0,TE,13,,58,
321,BenJarvus Green-Ellis,NWE,24,12,0,0,0,0,0,0,26,114,4.38,0,2,11,5.50,0,RB,13,,102,
322,Steve Heiden,CLE,33,7,6,0,0,0,0,0,0,0,,0,10,73,7.30,1,TE,13,,57,
323,Peyton Hillis,DEN,23,14,2,0,0,0,0,0,13,54,4.15,1,4,19,4.75,0,RB,13,,96,
324,Nate Hughes,JAX,24,8,0,0,0,0,0,0,0,0,,0,5,70,14.00,1,WR,13,,113,
325,Tarvaris Jackson,MIN,26,8,0,14,21,201,1,0,17,-10,-0.59,0,0,0,,0,QB,13,,55,
326,Moran Norris,SFO,31,16,7,0,0,0,0,0,14,41,2.93,1,7,31,4.43,0,RB,13,,97,
327,Tyrell Sutton,CAR,23,7,1,0,0,0,0,0,12,68,5.67,0,6,62,10.33,0,RB,13,,100,
328,Naufahu Tahi,MIN,28,15,2,0,0,0,0,0,3,5,1.67,0,10,67,6.70,1,RB,13,,98,
329,Anthony Becht,ARI,32,16,10,0,0,0,0,0,0,0,,0,7,61,8.71,1,TE,12,,59,
,,,,,,Passing,Passing,Passing,Passing,Passing,Rushing,Rushing,Rushing,Rushing,Receiving,Receiving,Receiving,Receiving,Fantasy,Fantasy,Fantasy,Fantasy,Fantasy
Rk,,Tm,Age,G,GS,Cmp,Att,Yds,TD,Int,Att,Yds,Y/A,TD,Rec,Yds,Y/R,TD,FantPos,FantPt,VBD,PosRank,OvRank
330,Brad Cottam,KAN,25,8,1,0,0,0,0,0,0,0,,0,9,120,13.33,0,TE,12,,60,
331,Michael Gaines,2TM,29,10,7,0,0,0,0,0,0,0,,0,5,59,11.80,1,TE,12,,61,
332,Brandon Lloyd,DEN,28,2,1,0,0,0,0,0,0,0,,0,8,117,14.63,0,WR,12,,114,
333,Ovie Mughelli,ATL,29,14,7,0,0,0,0,0,4,10,2.50,0,7,51,7.29,1,RB,12,,103,
334,Billy Volek,SDG,33,4,0,20,31,231,1,1,9,-9,-1.00,0,0,0,,0,QB,12,,56,
335,Jarett Dillard,JAX,24,7,0,0,0,0,0,0,0,0,,0,6,106,17.67,0,WR,11,,118,
336,Brian Finneran,ATL,33,10,2,0,0,0,0,0,0,0,,0,11,111,10.09,0,WR,11,,115,
337,Lavelle Hawkins,TEN,23,10,0,0,0,0,0,0,0,0,,0,7,110,15.71,0,WR,11,,116,
338,Matt Leinart,ARI,26,8,1,51,77,435,0,3,9,-6,-0.67,0,0,0,,0,QB,11,,57,
339,Brian Robiskie,CLE,22,11,1,0,0,0,0,0,0,0,,0,7,106,15.14,0,WR,11,,117,
340,Tom Santi,IND,24,3,2,0,0,0,0,0,0,0,,0,8,107,13.38,0,TE,11,,62,
341,Eldra Buckley,PHI,24,16,0,0,0,0,0,0,15,44,2.93,1,0,0,,0,RB,10,,104,
342,Jacob Hester,SDG,24,15,10,0,0,0,0,0,21,74,3.52,0,9,24,2.67,0,RB,10,,105,
343,Ruvell Martin,STL,27,8,0,0,0,0,0,0,0,0,,0,6,99,16.50,0,WR,10,,120,
344,Kevin Ogletree,DAL,22,11,0,0,0,0,0,0,1,6,6.00,0,7,96,13.71,0,WR,10,,119,
345,Gary Russell,OAK,23,12,4,0,0,0,0,0,3,0,0.00,0,12,96,8.00,0,RB,10,,107,
346,Dantrell Savage,KAN,24,5,0,0,0,0,0,0,10,45,4.50,0,7,51,7.29,0,RB,10,,106,
347,Derek Schouman,BUF,24,2,2,0,0,0,0,0,0,0,,0,9,103,11.44,0,TE,10,,63,
348,Billy Bajema,STL,27,16,5,0,0,0,0,0,0,0,,0,8,94,11.75,0,TE,9,,64,
349,LaMont Jordan,DEN,31,9,0,0,0,0,0,0,25,86,3.44,0,0,0,,0,RB,9,,110,
350,Corey McIntyre,BUF,30,15,4,0,0,0,0,0,5,34,6.80,0,7,55,7.86,0,RB,9,,108,
351,Matt Spaeth,PIT,26,16,8,0,0,0,0,0,0,0,,0,5,25,5.00,1,TE,9,,67,
352,Kory Sperry,MIA,24,8,1,0,0,0,0,0,0,0,,0,3,31,10.33,1,TE,9,,65,
353,Lawrence Vickers,CLE,26,16,9,0,0,0,0,0,0,0,,0,8,27,3.38,1,RB,9,,109,
354,Todd Watkins,OAK,26,13,1,0,0,0,0,0,0,0,,0,8,90,11.25,0,WR,9,,121,
355,Kris Wilson,SDG,28,16,0,0,0,0,0,0,0,0,,0,4,28,7.00,1,TE,9,,66,
356,Kevin Curtis,PHI,31,3,1,0,0,0,0,0,0,0,,0,6,77,12.83,0,WR,8,,123,
357,Darnell Dinkins,NOR,32,11,3,0,0,0,0,0,0,0,,0,5,22,4.40,1,TE,8,,68,
358,Ahmard Hall,TEN,30,16,7,0,0,0,0,0,1,5,5.00,0,12,79,6.58,0,RB,8,,111,
359,Madison Hedgecock,NYG,28,16,9,0,0,0,0,0,0,0,,0,4,23,5.75,1,RB,8,,112,
,,,,,,Passing,Passing,Passing,Passing,Passing,Rushing,Rushing,Rushing,Rushing,Receiving,Receiving,Receiving,Receiving,Fantasy,Fantasy,Fantasy,Fantasy,Fantasy
Rk,,Tm,Age,G,GS,Cmp,Att,Yds,TD,Int,Att,Yds,Y/A,TD,Rec,Yds,Y/R,TD,FantPos,FantPt,VBD,PosRank,OvRank
360,Sinorice Moss,NYG,26,8,0,0,0,0,0,0,0,0,,0,1,18,18.00,1,WR,8,,122,
361,Owen Schmitt,SEA,24,15,1,0,0,0,0,0,0,0,,0,6,21,3.50,1,RB,8,,113,
362,Troy Smith,BAL,25,4,0,5,9,24,0,1,8,31,3.88,1,0,0,,0,QB,8,,59,
363,Drew Stanton,DET,25,4,1,26,51,259,0,6,9,33,3.67,1,0,0,,0,QB,8,,60,
364,Tony Stewart,OAK,30,15,4,0,0,0,0,0,0,0,,0,10,78,7.80,0,TE,8,,69,
365,Pat White,MIA,23,13,0,0,5,0,0,0,21,81,3.86,0,0,0,,0,QB,8,,58,
366,Brian Clark,TAM,26,14,0,0,0,0,0,0,0,0,,0,6,65,10.83,0,WR,7,,126,
367,Jared Cook,TEN,22,14,0,0,0,0,0,0,0,0,,0,9,74,8.22,0,TE,7,,70,
368,Terrance Copper,KAN,27,15,2,0,0,0,0,0,0,0,,0,4,68,17.00,0,WR,7,,124,
369,Joey Galloway,NWE,38,3,2,0,0,0,0,0,0,0,,0,7,67,9.57,0,WR,7,,125,
370,Jim Kleinsasser,MIN,32,16,8,0,0,0,0,0,0,0,,0,10,70,7.00,0,TE,7,,71,
371,Chris Ogbonnaya,STL,23,2,0,0,0,0,0,0,11,50,4.55,0,1,19,19.00,0,RB,7,,114,
372,Louis Rankin,2TM,24,9,0,0,0,0,0,0,8,36,4.50,0,5,33,6.60,0,RB,7,,115,
373,Travis Beckum,NYG,22,15,2,0,0,0,0,0,0,0,,0,8,55,6.88,0,TE,6,,77,
374,James Casey,HOU,25,15,0,0,0,0,0,0,0,0,,0,6,64,10.67,0,TE,6,,73,
375,Patrick Cobbs,MIA,26,5,0,0,0,0,0,0,6,36,6.00,0,3,23,7.67,0,RB,6,,117,
376,Todd Collins,WAS,38,3,0,12,23,144,0,0,1,0,0.00,0,0,0,,0,QB,6,,61,
377,Craig Davis,SDG,24,1,0,0,0,0,0,0,1,4,4.00,0,6,52,8.67,0,WR,6,,130,
378,Bobby Engram,KAN,36,5,0,0,0,0,0,0,0,0,,0,5,61,12.20,0,WR,6,,127,
379,Derek Fine,BUF,26,8,6,0,0,0,0,0,0,0,,0,9,64,7.11,0,TE,6,,72,
380,Ben Hartsock,NYJ,29,16,7,0,0,0,0,0,0,0,,0,1,2,2.00,1,TE,6,,76,
381,Kenneth Moore,CAR,24,12,1,0,0,0,0,0,0,0,,0,6,59,9.83,0,WR,6,,128,
382,Adrian Peterson,CHI,30,14,0,0,0,0,0,0,7,51,7.29,0,2,11,5.50,0,RB,6,,116,
383,John Phillips,DAL,22,16,4,0,0,0,0,0,0,0,,0,7,62,8.86,0,TE,6,,74,
384,Tony Richardson,NYJ,38,16,10,0,0,0,0,0,7,48,6.86,0,3,10,3.33,0,RB,6,,118,
385,Gijon Robinson,IND,25,13,10,0,0,0,0,0,0,0,,0,9,62,6.89,0,TE,6,,75,
386,Tyler Thigpen,2TM,25,2,0,4,8,83,1,2,2,3,1.50,0,0,0,,0,QB,6,,62,
387,Derrick Williams,DET,23,11,0,0,0,0,0,0,1,4,4.00,0,6,52,8.67,0,WR,6,,129,
388,Kellen Clemens,NYJ,26,10,1,13,26,125,0,0,12,1,0.08,0,0,0,,0,QB,5,,63,
389,Greg Estandia,2TM,27,6,1,0,0,0,0,0,0,0,,0,4,45,11.25,0,TE,5,,78,
,,,,,,Passing,Passing,Passing,Passing,Passing,Rushing,Rushing,Rushing,Rushing,Receiving,Receiving,Receiving,Receiving,Fantasy,Fantasy,Fantasy,Fantasy,Fantasy
Rk,,Tm,Age,G,GS,Cmp,Att,Yds,TD,Int,Att,Yds,Y/A,TD,Rec,Yds,Y/R,TD,FantPos,FantPt,VBD,PosRank,OvRank
390,Samkon Gado,STL,27,15,0,0,0,0,0,0,14,26,1.86,0,3,25,8.33,0,RB,5,,120,
391,Jeremi Johnson,CIN,29,16,8,0,0,0,0,0,4,8,2.00,0,6,41,6.83,0,RB,5,,121,
392,Quinten Lawrence,KAN,25,6,1,0,0,0,0,0,2,42,21.00,0,1,9,9.00,0,WR,5,,131,
393,Javon Ringer,TEN,22,7,0,0,0,0,0,0,8,48,6.00,0,0,0,,0,RB,5,,123,
394,Brian St. Pierre,ARI,30,1,0,2,4,12,1,1,1,2,2.00,0,0,0,,0,QB,5,,64,
395,Aaron Stecker,ATL,34,9,0,0,0,0,0,0,5,15,3.00,0,5,34,6.80,0,RB,5,,122,
396,Albert Young,MIN,24,7,0,0,0,0,0,0,12,53,4.42,0,0,0,,0,RB,5,,119,
397,Korey Hall,GNB,26,11,5,0,0,0,0,0,0,0,,0,5,41,8.20,0,RB,4,,126,
398,Gartrell Johnson,NYG,23,10,0,0,0,0,0,0,13,43,3.31,0,0,0,,0,RB,4,,124,
399,Greg Jones,JAX,28,13,7,0,0,0,0,0,4,23,5.75,0,5,14,2.80,0,RB,4,,128,
400,Ben Obomanu,SEA,26,14,0,0,0,0,0,0,0,0,,0,4,41,10.25,0,WR,4,,132,
401,Kolby Smith,KAN,25,4,0,0,0,0,0,0,15,33,2.20,0,2,9,4.50,0,RB,4,,125,
402,Stephen Spach,ARI,27,7,5,0,0,0,0,0,0,0,,0,4,38,9.50,0,TE,4,,80,
403,Jonathan Stupar,BUF,25,14,2,0,0,0,0,0,0,0,,0,6,40,6.67,0,TE,4,,79,
404,Jacob Tamme,IND,24,16,1,0,0,0,0,0,0,0,,0,3,35,11.67,0,TE,4,,81,
405,DeShawn Wynn,GNB,26,4,0,0,0,0,0,0,6,19,3.17,0,2,19,9.50,0,RB,4,,127,
406,Hank Baskett,2TM,27,12,0,0,0,0,0,0,0,0,,0,5,34,6.80,0,WR,3,,134,
407,Darcy Johnson,NYG,26,13,4,0,0,0,0,0,0,0,,0,5,32,6.40,0,TE,3,,82,
408,Luke Lawton,OAK,29,13,3,0,0,0,0,0,0,0,,0,7,31,4.43,0,RB,3,,129,
409,Marko Mitchell,WAS,24,10,0,0,0,0,0,0,0,0,,0,4,32,8.00,0,WR,3,,135,
410,Jake Nordin,DET,25,4,1,0,0,0,0,0,0,0,,0,2,26,13.00,0,TE,3,,84,
411,J.T. O'Sullivan,CIN,30,3,0,4,11,40,0,0,3,12,4.00,0,0,0,,0,QB,3,,65,
412,Alex Smith,PHI,27,16,5,0,0,0,0,0,0,0,,0,3,25,8.33,0,TE,3,,85,
413,L.J. Smith,BAL,29,12,0,0,0,0,0,0,0,0,,0,2,31,15.50,0,TE,3,,83,
414,Troy Williamson,JAX,26,2,1,0,0,0,0,0,0,0,,0,3,34,11.33,0,WR,3,,133,
415,Ramses Barden,NYG,23,3,0,0,0,0,0,0,0,0,,0,1,16,16.00,0,WR,2,,139,
416,Jackie Battle,KAN,26,5,0,0,0,0,0,0,7,21,3.00,0,2,-3,-1.50,0,RB,2,,136,
417,Brian Brohm,BUF,24,2,1,17,29,146,0,2,3,-3,-1.00,0,0,0,,0,QB,2,,67,
418,Carey Davis,PIT,28,6,0,0,0,0,0,0,2,15,7.50,0,0,0,,0,RB,2,,138,
419,Jason Davis,CLE,26,2,0,0,0,0,0,0,9,15,1.67,0,4,5,1.25,0,RB,2,,135,
,,,,,,Passing,Passing,Passing,Passing,Passing,Rushing,Rushing,Rushing,Rushing,Receiving,Receiving,Receiving,Receiving,Fantasy,Fantasy,Fantasy,Fantasy,Fantasy
Rk,,Tm,Age,G,GS,Cmp,Att,Yds,TD,Int,Att,Yds,Y/A,TD,Rec,Yds,Y/R,TD,FantPos,FantPt,VBD,PosRank,OvRank
420,Kyle Eckel,NOR,28,7,2,0,0,0,0,0,2,6,3.00,0,2,14,7.00,0,RB,2,,134,
421,John Gilmore,TAM,30,13,2,0,0,0,0,0,0,0,,0,3,23,7.67,0,TE,2,,86,
422,Verron Haynes,ATL,30,7,2,0,0,0,0,0,0,0,,0,3,20,6.67,0,RB,2,,133,
423,Brandon Jones,SFO,27,8,0,0,0,0,0,0,0,0,,0,1,18,18.00,0,WR,2,,137,
424,Mike Karney,STL,28,14,8,0,0,0,0,0,2,8,4.00,0,6,16,2.67,0,RB,2,,130,
425,Dan Kreider,ARI,32,14,3,0,0,0,0,0,0,0,,0,4,20,5.00,0,RB,2,,132,
426,Brandon Myers,OAK,24,11,2,0,0,0,0,0,0,0,,0,4,19,4.75,0,TE,2,,88,
427,Xavier Omon,BUF,24,5,0,0,0,0,0,0,5,22,4.40,0,0,0,,0,RB,2,,131,
428,Kassim Osgood*,SDG,29,16,0,0,0,0,0,0,0,0,,0,1,17,17.00,0,WR,2,,138,
429,John Owens,SEA,29,16,3,0,0,0,0,0,0,0,,0,3,16,5.33,0,TE,2,,89,
430,Jalen Parmele,BAL,24,7,0,0,0,0,0,0,5,17,3.40,0,0,0,,0,RB,2,,137,
431,Marcel Reece,OAK,24,2,0,0,0,0,0,0,0,0,,0,2,20,10.00,0,TE,2,,87,
432,Isaiah Stanback,NWE,25,6,2,0,0,0,0,0,0,0,,0,3,22,7.33,0,QB,2,,66,
433,Wallace Wright,NYJ,25,16,0,0,0,0,0,0,0,0,,0,2,21,10.50,0,WR,2,,136,
434,Deon Anderson,DAL,26,16,9,0,0,0,0,0,0,0,,0,1,5,5.00,0,RB,1,,143,
435,Charlie Batch,PIT,35,1,0,1,2,17,0,0,0,0,,0,0,0,,0,QB,1,,69,
436,Mark Brunell,NOR,39,16,1,15,30,102,0,1,4,-12,-3.00,0,0,0,,0,QB,1,,68,
437,Tim Carter,STL,30,2,0,0,0,0,0,0,0,0,,0,1,6,6.00,0,WR,1,,148,
438,Yamon Figurs,2TM,26,6,0,0,0,0,0,0,1,-2,-2.00,0,1,7,7.00,0,WR,1,,152,
439,Tyler Grisham,PIT,22,4,0,0,0,0,0,0,0,0,,0,1,14,14.00,0,WR,1,,140,
440,James Hardy,BUF,24,2,0,0,0,0,0,0,0,0,,0,1,9,9.00,0,WR,1,,145,
441,Anthony Hill,HOU,24,5,0,0,0,0,0,0,0,0,,0,1,9,9.00,0,TE,1,,94,
442,Tory Humphrey,NOR,26,1,0,0,0,0,0,0,0,0,,0,1,7,7.00,0,TE,1,,96,
443,David Johnson,PIT,22,15,3,0,0,0,0,0,0,0,,0,2,9,4.50,0,TE,1,,93,
444,Jaymar Johnson,MIN,25,6,0,0,0,0,0,0,0,0,,0,1,9,9.00,0,WR,1,,143,
445,Steve Johnson,BUF,23,5,0,0,0,0,0,0,0,0,,0,2,10,5.00,0,WR,1,,142,
446,Mark Jones,TEN,29,3,0,0,0,0,0,0,0,0,,0,1,9,9.00,0,WR,1,,144,
447,Jordan Kent,STL,25,5,0,0,0,0,0,0,0,0,,0,1,5,5.00,0,WR,1,,151,
448,Joe Klopfenstein,BUF,26,1,1,0,0,0,0,0,0,0,,0,1,11,11.00,0,TE,1,,91,
449,Brandon Manumaleuna,SDG,29,16,5,0,0,0,0,0,0,0,,0,5,13,2.60,0,TE,1,,90,
,,,,,,Passing,Passing,Passing,Passing,Passing,Rushing,Rushing,Rushing,Rushing,Receiving,Receiving,Receiving,Receiving,Fantasy,Fantasy,Fantasy,Fantasy,Fantasy
Rk,,Tm,Age,G,GS,Cmp,Att,Yds,TD,Int,Att,Yds,Y/A,TD,Rec,Yds,Y/R,TD,FantPos,FantPt,VBD,PosRank,OvRank
450,Charly Martin,CAR,25,7,0,0,0,0,0,0,0,0,,0,1,6,6.00,0,WR,1,,147,
451,Jason McKie,CHI,29,16,11,0,0,0,0,0,0,0,,0,5,13,2.60,0,RB,1,,139,
452,Jake O'Connell,KAN,24,4,2,0,0,0,0,0,0,0,,0,2,7,3.50,0,TE,1,,95,
453,Bear Pascoe,NYG,23,4,1,0,0,0,0,0,0,0,,0,1,9,9.00,0,TE,1,,92,
454,Kory Sheets,MIA,24,2,0,0,0,0,0,0,1,5,5.00,0,0,0,,0,RB,1,,142,
455,Matt Slater,NWE,24,14,0,0,0,0,0,0,1,6,6.00,0,0,0,,0,WR,1,,146,
456,Terrelle Smith,DET,31,8,0,0,0,0,0,0,0,0,,0,2,7,3.50,0,RB,1,,140,
457,John Standeford,DET,27,2,0,0,0,0,0,0,0,0,,0,1,5,5.00,0,WR,1,,150,
458,Limas Sweed,PIT,25,9,0,0,0,0,0,0,0,0,,0,1,5,5.00,0,WR,1,,149,
459,Brandon Tate,NWE,22,2,1,0,0,0,0,0,1,11,11.00,0,0,0,,0,WR,1,,141,
460,Javarris Williams,KAN,23,4,0,0,0,0,0,0,6,6,1.00,0,0,0,,0,RB,1,,141,
461,Jake Allen,2TM,24,3,0,0,0,0,0,0,0,0,,0,0,0,,0,WR,,,179,
462,B.J. Askew,TAM,29,5,2,0,0,0,0,0,1,0,0.00,0,2,3,1.50,0,RB,,,146,
463,Brock Bolen,JAX,24,3,0,0,0,0,0,0,0,0,,0,0,0,,0,RB,,,157,
464,Colin Cloherty,IND,22,1,0,0,0,0,0,0,0,0,,0,1,2,2.00,0,TE,,,100,
465,Andre Coleman,SDG,24,2,0,0,0,0,0,0,0,0,,0,0,0,,0,TE,,,113,
466,James Dearth,NYJ,33,16,0,0,0,0,0,0,0,0,,0,0,0,,0,TE,,,112,
467,Biren Ealy,GNB,25,1,0,0,0,0,0,0,0,0,,0,0,0,,0,WR,,,178,
468,Dominique Edison,TEN,23,5,0,0,0,0,0,0,0,0,,0,0,0,,0,WR,,,177,
469,Tony Fiammetta,CAR,23,10,2,0,0,0,0,0,0,0,,0,0,0,,0,RB,,,156,
470,Matt Flynn,GNB,24,15,0,7,12,58,0,1,5,-5,-1.00,0,0,0,,0,QB,,,78,
471,Eric Fowler,DET,25,3,0,0,0,0,0,0,0,0,,0,0,0,,0,WR,,,176,
472,Jeff Garcia,PHI,39,1,0,0,0,0,0,0,3,-2,-0.67,0,0,0,,0,QB,,,79,
473,Sam Giguere,IND,24,1,0,0,0,0,0,0,0,0,,0,0,0,,0,WR,,,175,
474,Anthony Gonzalez,IND,25,1,1,0,0,0,0,0,0,0,,0,0,0,,0,WR,,,161,
475,Dan Gronkowski,DET,24,2,0,0,0,0,0,0,0,0,,0,1,4,4.00,0,TE,,,97,
476,Rex Grossman,HOU,29,1,0,3,9,33,0,1,3,9,3.00,0,0,0,,0,QB,,,70,
477,Matt Gutierrez,KAN,25,1,0,1,1,3,0,0,0,0,,0,0,0,,0,QB,,,71,
478,Justin Harper,BAL,24,2,0,0,0,0,0,0,0,0,,0,0,0,,0,WR,,,174,
479,Clark Harris,CIN,25,11,0,0,0,0,0,0,0,0,,0,0,0,,0,TE,,,111,
,,,,,,Passing,Passing,Passing,Passing,Passing,Rushing,Rushing,Rushing,Rushing,Receiving,Receiving,Receiving,Receiving,Fantasy,Fantasy,Fantasy,Fantasy,Fantasy
Rk,,Tm,Age,G,GS,Cmp,Att,Yds,TD,Int,Att,Yds,Y/A,TD,Rec,Yds,Y/R,TD,FantPos,FantPt,VBD,PosRank,OvRank
480,Mike Hass,SEA,26,1,0,0,0,0,0,0,0,0,,0,0,0,,0,WR,,,173,
481,Chris J. Henry,TEN,24,2,0,0,0,0,0,0,0,0,,0,0,0,,0,RB,,,155,
482,Darius Hill,CIN,24,1,0,0,0,0,0,0,0,0,,0,0,0,,0,TE,,,110,
483,Nathan Hodel,DET,32,1,0,0,0,0,0,0,0,0,,0,0,0,,0,TE,,,109,
484,Kareem Huggins,TAM,23,3,0,0,0,0,0,0,0,0,,0,0,0,,0,RB,,,154,
485,Juaquin Iglesias,CHI,22,1,0,0,0,0,0,0,0,0,,0,0,0,,0,WR,,,172,
486,Justin Jenkins,BUF,29,12,0,0,0,0,0,0,1,-3,-3.00,0,0,0,,0,WR,,,180,
487,Adam Jennings,DET,27,1,0,0,0,0,0,0,0,0,,0,0,0,,0,WR,,,160,
488,Brian Jennings,SFO,33,16,0,0,0,0,0,0,0,0,,0,0,0,,0,TE,,,102,
489,Quinn Johnson,GNB,23,9,0,0,0,0,0,0,0,0,,0,2,4,2.00,0,RB,,,145,
490,Nate 2. Jones,STL,24,1,0,0,0,0,0,0,0,0,,0,0,0,,0,WR,,,171,
491,Jon Kitna,DAL,37,0,0,0,0,0,0,0,0,0,,0,0,0,,0,QB,,,77,
492,Matt Lawrence,BAL,24,8,0,0,0,0,0,0,4,0,0.00,0,1,4,4.00,0,RB,,,144,
493,Mike Leach,ARI,33,16,0,0,0,0,0,0,0,0,,0,0,0,,0,TE,,,108,
494,J.P. Losman,OAK,28,1,0,0,1,0,0,0,0,0,,0,0,0,,0,QB,,,76,
495,Elbert Mack,TAM,23,15,3,0,0,0,0,0,0,0,,0,0,0,,0,WR,,,170,
496,Marcus Mailei,NOR,23,2,0,0,0,0,0,0,0,0,,0,0,0,,0,RB,,,153,
497,Glenn Martinez,HOU,28,7,0,0,0,0,0,0,0,0,,0,0,0,,0,WR,,,169,
498,Michael Matthews,2TM,26,7,0,0,0,0,0,0,0,0,,0,0,0,,0,TE,,,116,
499,Josh McCown,CAR,30,1,0,1,6,2,0,0,0,0,,0,0,0,,0,QB,,,73,
500,Luke McCown,JAX,28,3,0,1,3,2,0,0,0,0,,0,0,0,,0,QB,,,72,
501,Shaun McDonald,PIT,28,4,0,0,0,0,0,0,0,0,,0,0,0,,0,WR,,,168,
502,Kenny McKinley,DEN,22,8,0,0,0,0,0,0,0,0,,0,0,0,,0,WR,,,167,
503,Sean Morey,ARI,33,13,0,0,0,0,0,0,0,0,,0,0,0,,0,WR,,,166,
504,Cameron Morrah,SEA,22,3,0,0,0,0,0,0,0,0,,0,1,3,3.00,0,TE,,,98,
505,Matthew Mulligan,NYJ,24,5,1,0,0,0,0,0,0,0,,0,1,2,2.00,0,TE,,,99,
506,Jordan Norwood,PHI,23,1,0,0,0,0,0,0,0,0,,0,0,0,,0,WR,,,159,
507,Oren O'Neal,OAK,26,4,0,0,0,0,0,0,1,0,0.00,0,0,0,,0,RB,,,150,
508,Buck Ortega,NOR,28,1,0,0,0,0,0,0,0,0,,0,0,0,,0,TE,,,101,
509,Montell Owens,JAX,25,16,0,0,0,0,0,0,2,1,0.50,0,0,0,,0,RB,,,148,
,,,,,,Passing,Passing,Passing,Passing,Passing,Rushing,Rushing,Rushing,Rushing,Receiving,Receiving,Receiving,Receiving,Fantasy,Fantasy,Fantasy,Fantasy,Fantasy
Rk,,Tm,Age,G,GS,Cmp,Att,Yds,TD,Int,Att,Yds,Y/A,TD,Rec,Yds,Y/R,TD,FantPos,FantPt,VBD,PosRank,OvRank
510,Curtis Painter,IND,24,2,0,8,28,83,0,2,3,4,1.33,0,0,0,,0,QB,,,80,
511,Cedric Peerman,DET,23,2,0,0,0,0,0,0,0,0,,0,0,0,,0,RB,,,151,
512,Chris Pressley,TAM,23,7,3,0,0,0,0,0,1,0,0.00,0,1,2,2.00,0,RB,,,147,
513,Maurice Purify,CIN,23,5,0,0,0,0,0,0,0,0,,0,0,0,,0,WR,,,165,
514,Richard Quinn,DEN,23,15,0,0,0,0,0,0,0,0,,0,0,0,,0,TE,,,107,
515,Isaac Redman,PIT,25,1,0,0,0,0,0,0,0,0,,0,0,0,,0,RB,,,152,
516,Jeff Robinson,SEA,39,2,0,0,0,0,0,0,0,0,,0,0,0,,0,TE,,,106,
517,Sage Rosenfels,MIN,31,0,0,0,0,0,0,0,0,0,,0,0,0,,0,QB,,,75,
518,Jerome Simpson,CIN,23,2,0,0,0,0,0,0,0,0,,0,0,0,,0,WR,,,164,
519,Justin Snow,IND,33,16,0,0,0,0,0,0,0,0,,0,0,0,,0,TE,,,105,
520,Jim Sorgi,IND,29,1,0,0,0,0,0,0,0,0,,0,0,0,,0,QB,,,74,
521,Micheal Spurlock,2TM,26,6,0,0,1,0,0,0,1,3,3.00,0,0,0,,0,WR,,,153,
522,Derek Stanley,STL,24,2,0,0,0,0,0,0,0,0,,0,0,0,,0,WR,,,163,
523,Craig Stevens,TEN,25,12,2,0,0,0,0,0,0,0,,0,0,0,,0,TE,,,104,
524,Brad St. Louis,CIN,33,5,0,0,0,0,0,0,0,0,,0,0,0,,0,TE,,,103,
525,Frank Summers,PIT,24,2,1,0,0,0,0,0,0,0,,0,0,0,,0,RB,,,158,
526,Brett Swain,GNB,24,6,0,0,0,0,0,0,0,0,,0,0,0,,0,WR,,,162,
527,Patrick Turner,MIA,22,2,0,0,0,0,0,0,0,0,,0,0,0,,0,WR,,,158,
528,David Tyree,BAL,29,10,0,0,0,0,0,0,0,0,,0,0,0,,0,WR,,,157,
529,Tiquan Underwood,JAX,22,3,0,0,0,0,0,0,0,0,,0,0,0,,0,WR,,,156,
530,Javon Walker,OAK,31,3,0,0,0,0,0,0,0,0,,0,0,0,,0,WR,,,155,
531,Chauncey Washington,DAL,24,2,0,0,0,0,0,0,0,0,,0,0,0,,0,RB,,,149,
532,Matt Willis,DEN,25,1,1,0,0,0,0,0,0,0,,0,0,0,,0,WR,,,154,
533,Joe Zelenka,ATL,33,5,0,0,0,0,0,0,0,0,,0,0,0,,0,TE,,,114,
534,Keith Zinger,ATL,24,15,2,0,0,0,0,0,0,0,,0,0,0,,0,TE,,,115,
535,Chris Simms,DEN,29,3,1,5,17,23,0,1,3,-4,-1.33,0,0,0,,0,QB,-1,,81,
536,Caleb Hanie,CHI,24,3,0,3,7,11,0,1,0,0,,0,0,0,,0,QB,-2,,82,
